"SERIAL","SKU","GRADE","SCAN DATE","SKID ID","EID",
"1S10MUS3H912MJ06U1NL","SYS-M910Q-M-I5QC-25-A+","A+","2022-08-30 12:35:13","RN-10728-1","519",
"FWLH7X2","PC-DELL-5060-M-I5HC-21-16-512SS-NA-10P-OBV-CR-EFI","A+","2022-08-30 12:36:45","RN-10728-1","519",
"2ZMHPX2","PC-DELL-5060-M-I5HC-21-16-512SS-NA-10P-OBV-CR-EFI","A+","2022-08-30 12:36:45","RN-10728-1","519",
"GNT0DV2","PC-DELL-5060-M-I5HC-21-16-256SS-NA-11P-OBV-CR-EFI","A+","2022-08-30 12:36:45","RN-10728-1","519",
"H1B0DV2","PC-DELL-5060-M-I5HC-21-16-512SS-NA-10P-OBV-CR-EFI","A+","2022-08-30 12:36:45","RN-10728-1","519",
"1LB40W2","PC-DELL-5060-M-I5HC-21-16-512SS+1TB-NA-11P-OBV-CR-EFI","A+","2022-08-30 12:36:45","RN-10728-1","519",
"GZB4DV2","PC-DELL-5060-M-I5HC-21-16-512SS-NA-10P-OBV-CR-EFI","A+","2022-08-30 12:36:45","RN-10728-1","519",
"FX0G7X2","PC-DELL-5060-M-I5HC-21-16-512SS-NA-10P-OBV-CR-EFI","A+","2022-08-30 12:36:45","RN-10728-1","519",
"FH6XDW2","PC-DELL-5060-M-I5HC-21-16-512SS-NA-10P-OBV-CR-EFI","A+","2022-08-30 12:36:45","RN-10728-1","519",
"JZMT2W2","PC-DELL-5060-M-I5HC-21-16-512SS-NA-10P-OBV-CR-EFI","A+","2022-08-30 12:36:45","RN-10728-1","519",
"BLSK3W2","PC-DELL-5060-M-I5HC-21-16-256SS-NA-11P-OBV-CR-EFI","A+","2022-08-30 12:36:45","RN-10728-1","519",
"1S10FLS0FU00MJ0526V0","SYS-M900-M-I5QC-25-A+","A+","2022-09-01 15:24:29","RN-10728-2","519",
"1S10MUS1J900MJ05MVL1","SYS-M910Q-M-I5QC-25-A+","A+","2022-09-01 15:24:54","RN-10728-2","519",
"1S10MUS1J900MJ064VEC","PC-IBM-M910Q-M-I5QC-25-16-1TBSS-NA-10P-OBV-CR","A+","2022-09-01 15:24:54","RN-10728-2","519",
"1S10MUS1JA00MJ06BGKS","SYS-M910Q-M-I5QC-25-A+","A+","2022-09-01 15:24:54","RN-10728-2","519",
"1S10MUS1JA00MJ06B4N8","SYS-M910Q-M-I5QC-25-A+","A+","2022-09-01 15:24:54","RN-10728-2","519",
"1S10MUS1JA00MJ06092Q","SYS-M910Q-M-I5QC-25-A+","A+","2022-09-01 15:24:54","RN-10728-2","519",
"1S10MUS1JA00MJ06B4M3","SYS-M910Q-M-I5QC-25-A+","A+","2022-09-01 15:24:54","RN-10728-2","519",
"1S10MUS1J900MJ05PYHZ","SYS-M910Q-M-I5QC-25-A+","A+","2022-09-01 15:24:54","RN-10728-2","519",
"1S10MUS1JA00MJ06B4NK","SYS-M910Q-M-I5QC-25-A+","A+","2022-09-01 15:24:54","RN-10728-2","519",
"1S10MUS1J900MJ05YEPV","SYS-M910Q-M-I5QC-25-A+","A+","2022-09-01 15:24:54","RN-10728-2","519",
"1S10MUS2HM00MJ07E0N0","SYS-M910Q-M-I7QC-28-A+","A+","2022-09-01 15:24:54","RN-10728-2","519",
"1S10MUS1JA00MJ06KWCN","SYS-M910Q-M-I5QC-25-A+","A+","2022-09-01 15:24:54","RN-10728-2","519",
"1S10MUS0H500MJ05Y0HL","SYS-M910Q-M-I5QC-27-A+","A+","2022-09-01 15:24:54","RN-10728-2","519",
"1S10MUS1JA00MJ06Q5LU","SYS-M910Q-M-I5QC-25-A+","A+","2022-09-01 15:24:54","RN-10728-2","519",
"1S10T8SHPE00MJ0CZPCR","SYS-M720Q-M-I5HC-22-A+","A+","2022-09-01 15:25:24","RN-10728-2","519",
"1S10T8SHPE00MJ0CFV06","SYS-M720Q-M-I5HC-22-A+","A+","2022-09-01 15:25:24","RN-10728-2","519",
"1S10MUS1J900MJ05SH3A","SYS-M910Q-M-I5QC-25-A+","A+","2022-09-07 10:34:12","RN-10728-3","519",
"1S10MUS1J900MJ06C4NC","SYS-M910Q-M-I5QC-25-A+","A+","2022-09-07 10:34:12","RN-10728-3","519",
"1S10MUS1J900MJ05MV77","SYS-M910Q-M-I5QC-25-A+","A+","2022-09-07 10:34:12","RN-10728-3","519",
"1S10MUS1J900MJ06EHP0","SYS-M910Q-M-I5QC-25-A+","A+","2022-09-07 10:34:12","RN-10728-3","519",
"1S10MUS1JA00MJ067Y84","SYS-M910Q-M-I5QC-25-A+","A+","2022-09-07 10:34:12","RN-10728-3","519",
"1S10MUS1JA00MJ06KWCS","SYS-M910Q-M-I5QC-25-A+","A+","2022-09-07 10:34:12","RN-10728-3","519",
"1S10MUS1JA00MJ06B4QC","PC-IBM-M910Q-M-I5QC-25-16-512SS-NA-10P-OBV-CR","A+","2022-09-07 10:34:12","RN-10728-3","519",
"1S10MUS1JA00MJ06EH6K","PC-IBM-M910Q-M-I5QC-25-16-1TBSS-NA-10P-OBV-CR","A+","2022-09-07 10:34:12","RN-10728-3","519",
"1S10MUS1J900MJ06EHP5","SYS-M910Q-M-I5QC-25-A+","A+","2022-09-07 10:34:12","RN-10728-3","519",
"1S10MUS1J900MJ05MV6J","SYS-M910Q-M-I5QC-25-A+","A+","2022-09-07 10:34:12","RN-10728-3","519",
"1S10MUS1J900MJ06Q6B2","SYS-M910Q-M-I5QC-25-A+","A+","2022-09-07 10:34:12","RN-10728-3","519",
"1S10MUS1JA00MJ06EH7J","SYS-M910Q-M-I5QC-25-A+","A+","2022-09-07 10:34:12","RN-10728-3","519",
"1S10MUS1JA00MJ06EHZT","SYS-M910Q-M-I5QC-25-A+","A+","2022-09-07 10:34:12","RN-10728-3","519",
"1S10MUS1J900MJ05SEL1","SYS-M910Q-M-I5QC-25-A+","A+","2022-09-07 10:34:12","RN-10728-3","519",
"1S10MUS1JA00MJ06EH7F","SYS-M910Q-M-I5QC-25-A+","A+","2022-09-07 10:34:12","RN-10728-3","519",
"1S10MUS1J900MJ06Q6BV","SYS-M910Q-M-I5QC-25-A+","A+","2022-09-07 10:34:12","RN-10728-3","519",
"1S10MUS1J900MJ06SU4Y","SYS-M910Q-M-I5QC-25-A+","A+","2022-09-07 10:34:12","RN-10728-3","519",
"1S10MUS1J900MJ06498J","SYS-M910Q-M-I5QC-25-A+","A+","2022-09-07 10:34:12","RN-10728-3","519",
"1S10MV0032USMJ05LAQL","SYS-M910Q-M-I5QC-25-A+","A+","2022-09-07 10:34:12","RN-10728-3","519",
"1S10MUS1J900MJ06Q6AB","SYS-M910Q-M-I5QC-25-A+","A+","2022-09-07 10:34:12","RN-10728-3","519",
"1S10MUS1J900MJ05MVK4","SYS-M910Q-M-I5QC-25-A+","A+","2022-09-07 10:34:12","RN-10728-3","519",
"1S10MUS1JA00MJ06B4MJ","SYS-M910Q-M-I5QC-25-A+","A+","2022-09-07 10:34:12","RN-10728-3","519",
"1S10MUS1JA00MJ073DJ7","SYS-M910Q-M-I5QC-25-A+","A+","2022-09-07 10:34:12","RN-10728-3","519",
"1S10MUS1J900MJ05MVRV","SYS-M910Q-M-I5QC-25-A+","A+","2022-09-07 10:34:12","RN-10728-3","519",
"1S10MUS1J900MJ05SEKU","SYS-M910Q-M-I5QC-25-A+","A+","2022-09-07 10:34:12","RN-10728-3","519",
"1S10MUS1JA00MJ06EH6N","SYS-M910Q-M-I5QC-25-A+","A+","2022-09-07 10:34:12","RN-10728-3","519",
"1S10MUS1J900MJ05PYJ6","SYS-M910Q-M-I5QC-25-A+","A+","2022-09-07 10:34:12","RN-10728-3","519",
"1S10MUS1JA00MJ06F4AX","SYS-M910Q-M-I5QC-25-A+","A+","2022-09-07 10:34:12","RN-10728-3","519",
"1S10MUS1JA00MJ06B4Q5","SYS-M910Q-M-I5QC-25-A+","A+","2022-09-07 10:34:12","RN-10728-3","519",
"1S10MUS1J900MJ06EHP1","SYS-M910Q-M-I5QC-25-A+","A+","2022-09-07 10:34:12","RN-10728-3","519",
"1S10MUS1JA00MJ064B11","SYS-M910Q-M-I5QC-25-A+","A+","2022-09-07 10:34:12","RN-10728-3","519",
"1S10MUS1JA00MJ06EH9N","SYS-M910Q-M-I5QC-25-A+","A+","2022-09-07 10:34:12","RN-10728-3","519",
"1S10MUS1JA00MJ06EJ15","SYS-M910Q-M-I5QC-25-A+","A+","2022-09-07 10:34:12","RN-10728-3","519",
"1S10MUS1JA00MJ068NTX","SYS-M910Q-M-I5QC-25-A+","A+","2022-09-07 10:34:12","RN-10728-3","519",
"1S10MUS1JA00MJ05Z4G1","SYS-M910Q-M-I5QC-25-A+","A+","2022-09-07 10:34:12","RN-10728-3","519",
"1S10MUS1JA00MJ06KW2B","SYS-M910Q-M-I5QC-25-A+","A+","2022-09-07 10:34:12","RN-10728-3","519",
"1S10MV0032USMJ07GTZJ","SYS-M910Q-M-I5QC-25-A+","A+","2022-09-07 10:34:12","RN-10728-3","519",
"1S10MUS1JA00MJ06FTM6","SYS-M910Q-M-I5QC-25-A+","A+","2022-09-07 10:34:12","RN-10728-3","519",
"1S10MUS1J900MJ06EH3Q","SYS-M910Q-M-I5QC-25-A+","A+","2022-09-07 10:34:12","RN-10728-3","519",
"1S10MUS1J900MJ05MVL3","SYS-M910Q-M-I5QC-25-A+","A+","2022-09-07 10:34:12","RN-10728-3","519",
"1S10MUS1J900MJ05MV6U","SYS-M910Q-M-I5QC-25-A+","A+","2022-09-07 10:34:12","RN-10728-3","519",
"1S10MUS1JA00MJ0663KU","SYS-M910Q-M-I5QC-25-A+","A+","2022-09-07 10:34:12","RN-10728-3","519",
"1S10MUS1J900MJ05PYJ3","SYS-M910Q-M-I5QC-25-A+","A+","2022-09-07 10:34:12","RN-10728-3","519",
"1S10MUS1J900MJ05MV6C","SYS-M910Q-M-I5QC-25-A+","A+","2022-09-07 10:34:12","RN-10728-3","519",
"1S10MUS1J900MJ06EHPH","SYS-M910Q-M-I5QC-25-A+","A+","2022-09-07 10:34:12","RN-10728-3","519",
"1S10MUS1J900MJ05PYJD","SYS-M910Q-M-I5QC-25-A+","A+","2022-09-07 10:34:12","RN-10728-3","519",
"1S10MUS1JA00MJ06B4PT","SYS-M910Q-M-I5QC-25-A+","A+","2022-09-07 10:34:12","RN-10728-3","519",
"1S10MUS1J900MJ05U3ES","SYS-M910Q-M-I5QC-25-A+","A+","2022-09-07 10:34:12","RN-10728-3","519",
"1S10MUS1J900MJ05PYHC","SYS-M910Q-M-I5QC-25-A+","A+","2022-09-07 10:34:12","RN-10728-3","519",
"1S10MUS1JA00MJ06B4MY","SYS-M910Q-M-I5QC-25-A+","A+","2022-09-07 10:34:12","RN-10728-3","519",
"1S10MUS1J900MJ05Z5P3","SYS-M910Q-M-I5QC-25-A+","A+","2022-09-07 10:34:12","RN-10728-3","519",
"1S10MUS1J900MJ06633F","SYS-M910Q-M-I5QC-25-A+","A+","2022-09-07 10:34:12","RN-10728-3","519",
"1S10MUS1J900MJ06C4M5","SYS-M910Q-M-I5QC-25-A+","A+","2022-09-07 10:34:12","RN-10728-3","519",
"1S10MUS1JA00MJ068NWS","SYS-M910Q-M-I5QC-25-A+","A+","2022-09-07 10:34:12","RN-10728-3","519",
"1S10MUS1J900MJ06EH4H","SYS-M910Q-M-I5QC-25-A+","A+","2022-09-07 10:34:12","RN-10728-3","519",
"1S10MUS1J900MJ05MV6S","SYS-M910Q-M-I5QC-25-A+","A+","2022-09-07 10:34:12","RN-10728-3","519",
"1S10MUS1J900MJ05MVKT","SYS-M910Q-M-I5QC-25-A+","A+","2022-09-07 10:34:12","RN-10728-3","519",
"1S10MUS1JA00MJ067YGT","SYS-M910Q-M-I5QC-25-A+","A+","2022-09-07 10:34:12","RN-10728-3","519",
"1S10MUS1J900MJ06498L","SYS-M910Q-M-I5QC-25-A+","A+","2022-09-07 10:34:12","RN-10728-3","519",
"1S10MUS3NC00MJ07247K","PC-IBM-M910Q-M-I7QC-28-16-256SS-NA-10P-OBV-CR","A+","2022-09-07 10:35:47","RN-10728-3","519",
"1S10MUS3NC00MJ072476","PC-IBM-M910Q-M-I7QC-28-16-256SS-NA-10P-OBV-CR","A+","2022-09-07 10:35:47","RN-10728-3","519",
"1S10MUS3NC00MJ08RZJ8","SYS-M910Q-M-I7QC-28-A+","A+","2022-09-07 10:35:47","RN-10728-3","519",
"1S10MV000NUSMJ06MG2Q","SYS-M910Q-M-I5QC-27-A+","A+","2022-09-07 10:35:47","RN-10728-3","519",
"1S10MUS3NC00MJ08RZGX","SYS-M910Q-M-I7QC-28-A+","A+","2022-09-07 10:35:47","RN-10728-3","519",
"1S10MV000NUSMJ06MG2R","SYS-M910Q-M-I5QC-27-A+","A+","2022-09-07 10:35:47","RN-10728-3","519",
"1S10MUS3NC00MJ08RZH3","PC-IBM-M910Q-M-I7QC-28-16-256SS-NA-10P-OBV-CR","A+","2022-09-07 10:35:47","RN-10728-3","519",
"1S10MUS3NC00MJ07248W","SYS-M910Q-M-I7QC-28-A+","A+","2022-09-07 10:35:47","RN-10728-3","519",
"1S10MUS1J900MJ05MVQV","SYS-M910Q-M-I5QC-25-A+","A+","2022-09-07 10:35:47","RN-10728-3","519",
"1S10MUS1J900MJ05PYHS","SYS-M910Q-M-I5QC-25-A+","A+","2022-09-07 10:35:47","RN-10728-3","519",
"1S10MUS1JA00MJ06B4QF","SYS-M910Q-M-I5QC-25-A+","A+","2022-09-07 10:35:47","RN-10728-3","519",
"1S10MV0032USMJ0705ZE","SYS-M910Q-M-I5QC-25-A+","A+","2022-09-07 10:35:47","RN-10728-3","519",
"1S10MUS1J900MJ06EH4X","SYS-M910Q-M-I5QC-25-A+","A+","2022-09-07 10:35:47","RN-10728-3","519",
"1S10MUS1J900MJ05MV5Z","SYS-M910Q-M-I5QC-25-A+","A+","2022-09-07 10:35:47","RN-10728-3","519",
"1S10MUS1J900MJ05SG51","SYS-M910Q-M-I5QC-25-A+","A+","2022-09-07 10:35:47","RN-10728-3","519",
"1S10MUS1J900MJ05MVLE","SYS-M910Q-M-I5QC-25-A+","A+","2022-09-07 10:35:47","RN-10728-3","519",
"1S10MUS1JA00MJ06LSUW","SYS-M910Q-M-I5QC-25-A+","A+","2022-09-07 10:35:47","RN-10728-3","519",
"1S10MUS1J900MJ05PYHY","SYS-M910Q-M-I5QC-25-A+","A+","2022-09-07 10:35:47","RN-10728-3","519",
"1S10MUS1JA00MJ06B4PJ","SYS-M910Q-M-I5QC-25-A+","A+","2022-09-07 10:35:47","RN-10728-3","519",
"1S10MUS1J900MJ05MV5W","SYS-M910Q-M-I5QC-25-A+","A+","2022-09-07 10:35:47","RN-10728-3","519",
"1S10MUS1JA00MJ06F4AV","SYS-M910Q-M-I5QC-25-A+","A+","2022-09-07 10:35:47","RN-10728-3","519",
"1S10MUS1J900MJ05U3EZ","SYS-M910Q-M-I5QC-25-A+","A+","2022-09-07 10:35:47","RN-10728-3","519",
"1S10MUS1JA00MJ065Z0B","SYS-M910Q-M-I5QC-25-A+","A+","2022-09-07 10:35:47","RN-10728-3","519",
"1S10MUS1JA00MJ06EJMM","SYS-M910Q-M-I5QC-25-A+","A+","2022-09-07 10:35:47","RN-10728-3","519",
"1S10MV0032USMJ07GU2G","SYS-M910Q-M-I5QC-25-A+","A+","2022-09-07 10:35:47","RN-10728-3","519",
"1S10MUS1JA00MJ067YGX","SYS-M910Q-M-I5QC-25-A+","A+","2022-09-07 10:35:47","RN-10728-3","519",
"1S10MUS1J900MJ05PYJH","SYS-M910Q-M-I5QC-25-A+","A+","2022-09-07 10:35:47","RN-10728-3","519",
"1S10MUS1J900MJ068XQ7","SYS-M910Q-M-I5QC-25-A+","A+","2022-09-07 10:35:47","RN-10728-3","519",
"1S10MUS1J900MJ06EH42","SYS-M910Q-M-I5QC-25-A+","A+","2022-09-07 10:35:47","RN-10728-3","519",
"1S10MUS1J900MJ06SU5A","SYS-M910Q-M-I5QC-25-A+","A+","2022-09-07 10:35:47","RN-10728-3","519",
"1S10MUS1J900MJ06EHNZ","SYS-M910Q-M-I5QC-25-A+","A+","2022-09-07 10:35:47","RN-10728-3","519",
"1S10MUS1JA00MJ068NWU","SYS-M910Q-M-I5QC-25-A+","A+","2022-09-07 10:35:47","RN-10728-3","519",
"1S10MUS1J900MJ06C4MW","SYS-M910Q-M-I5QC-25-A+","A+","2022-09-07 10:35:47","RN-10728-3","519",
"1S10MUS1J900MJ05MVLH","SYS-M910Q-M-I5QC-25-A+","A+","2022-09-07 10:35:47","RN-10728-3","519",
"1S10MUS1J900MJ064AYM","SYS-M910Q-M-I5QC-25-A+","A+","2022-09-07 10:35:47","RN-10728-3","519",
"1S10MUS1J900MJ05SEKT","SYS-M910Q-M-I5QC-25-A+","A+","2022-09-07 10:35:47","RN-10728-3","519",
"1S10MUS1JA00MJ068NVT","SYS-M910Q-M-I5QC-25-A+","A+","2022-09-07 10:35:47","RN-10728-3","519",
"1S10MUS1J900MJ05U3EP","SYS-M910Q-M-I5QC-25-A+","A+","2022-09-07 10:35:47","RN-10728-3","519",
"1S10MUS1J900MJ05Z5P1","SYS-M910Q-M-I5QC-25-A+","A+","2022-09-07 10:35:47","RN-10728-3","519",
"1S10MUS1J900MJ06H7QN","SYS-M910Q-M-I5QC-25-A+","A+","2022-09-07 10:35:47","RN-10728-3","519",
"1S10MUS1JA00MJ06Q5MN","SYS-M910Q-M-I5QC-25-A+","A+","2022-09-07 10:35:47","RN-10728-3","519",
"1S10MUS1JA00MJ06B4NN","SYS-M910Q-M-I5QC-25-A+","A+","2022-09-07 10:35:47","RN-10728-3","519",
"1S10MUS1J900MJ05MVRX","SYS-M910Q-M-I5QC-25-A+","A+","2022-09-07 10:35:47","RN-10728-3","519",
"1S10MUS1J900MJ06C4NR","SYS-M910Q-M-I5QC-25-A+","A+","2022-09-07 10:35:47","RN-10728-3","519",
"1S10MUS1JA00MJ0606WY","SYS-M910Q-M-I5QC-25-A+","A+","2022-09-07 10:35:47","RN-10728-3","519",
"1S10MUS1J900MJ05SF5J","SYS-M910Q-M-I5QC-25-A+","A+","2022-09-07 10:35:47","RN-10728-3","519",
"1S10MUS1JA00MJ06B4Q1","SYS-M910Q-M-I5QC-25-A+","A+","2022-09-07 10:35:47","RN-10728-3","519",
"1S10MUS1JA00MJ06EJN8","SYS-M910Q-M-I5QC-25-A+","A+","2022-09-07 10:35:47","RN-10728-3","519",
"1S10MUS1JA00MJ06B4N0","SYS-M910Q-M-I5QC-25-A+","A+","2022-09-07 10:35:47","RN-10728-3","519",
"1S10MUS1JA00MJ06FTPC","SYS-M910Q-M-I5QC-25-A+","A+","2022-09-07 10:35:47","RN-10728-3","519",
"1S10MUS1JA00MJ064AFQ","SYS-M910Q-M-I5QC-25-A+","A+","2022-09-07 10:35:47","RN-10728-3","519",
"1S10MUS1JA00MJ06B4PC","SYS-M910Q-M-I5QC-25-A+","A+","2022-09-07 10:35:47","RN-10728-3","519",
"1S10MUS1J900MJ067YC8","REC-M910Q-M-I5","C","2022-09-07 10:35:47","RN-10728-3","519",
"1S10MUS1JA00MJ067Y7J","SYS-M910Q-M-I5QC-25-A+","A+","2022-09-07 10:35:47","RN-10728-3","519",
"1S10MUS1J900MJ05PYJR","SYS-M910Q-M-I5QC-25-A+","A+","2022-09-07 10:35:47","RN-10728-3","519",
"1S10MUS1J900MJ06C4NG","SYS-M910Q-M-I5QC-25-A+","A+","2022-09-07 10:35:47","RN-10728-3","519",
"1S10T8SHPE00MJ0CZPAF","SYS-M720Q-M-I5HC-22-A+","A+","2022-09-07 10:36:12","RN-10728-3","519",
"1S10T8S5YA00MJ09HX81","SYS-M720Q-M-I5HC-21-A+","A+","2022-09-07 10:36:12","RN-10728-3","519",
"1S10T8SHPE00MJ0CFVAH","SYS-M720Q-M-I5HC-22-F","F","2022-09-07 10:36:12","RN-10728-3","519",
"1S10T8SHPE00MJ0D9MRF","SYS-M720Q-M-I5HC-22-A+","A+","2022-09-07 10:36:12","RN-10728-3","519",
"1S10FLS0FU00MJ056A2C","SYS-M900-M-I5QC-25-A+","A+","2022-09-07 10:38:47","RN-10728-3","519",
"1S10FLS0FU00MJ05GEB8","SYS-M900-M-I5QC-25-A+","A+","2022-09-07 10:38:47","RN-10728-3","519",
"1S10FLS0FU00MJ040QC3","SYS-M900-M-I5QC-25-A+","A+","2022-09-07 10:38:47","RN-10728-3","519",
"1S10FLS0FU00MJ05F72D","PC-IBM-M900-M-I5QC-25-8-256SS-NA-10P-OBV-CR","A+","2022-09-07 10:38:47","RN-10728-3","519",
"1S10FLS0FT00MJ0518M7","SYS-M900-M-I5QC-25-A+","A+","2022-09-07 10:38:47","RN-10728-3","519",
"1S10FLS0FU00MJ052571","SYS-M900-M-I5QC-25-A+","A+","2022-09-07 10:38:47","RN-10728-3","519",
"1S10FLS0FU00MJ03ZV4Q","SYS-M900-M-I5QC-25-A+","A+","2022-09-07 10:38:47","RN-10728-3","519",
"1S10FLS0FT00MJ04B02T","SYS-M900-M-I5QC-25-A+","A+","2022-09-07 10:38:47","RN-10728-3","519",
"1S10FLS0FT00MJ05BEUN","SYS-M900-M-I5QC-25-A+","A+","2022-09-07 10:38:47","RN-10728-3","519",
"1S10FLS0FU00MJ046Y9X","SYS-M900-M-I5QC-25-A+","A+","2022-09-07 10:38:47","RN-10728-3","519",
"1S10FLS0FU00MJ04L6TY","SYS-M900-M-I5QC-25-A+","A+","2022-09-07 10:38:47","RN-10728-3","519",
"1S10FLS0FU00MJ053ZKD","SYS-M900-M-I5QC-25-A+","A+","2022-09-07 10:38:47","RN-10728-3","519",
"1S10FLS0FT00MJ04ZJWP","SYS-M900-M-I5QC-25-A+","A+","2022-09-07 10:38:47","RN-10728-3","519",
"1S10FLS0FU00MJ046Y6X","SYS-M900-M-I5QC-25-A+","A+","2022-09-07 10:38:47","RN-10728-3","519",
"1S10FLS0FU00MJ05GEDR","SYS-M900-M-I5QC-25-A+","A+","2022-09-07 10:38:47","RN-10728-3","519",
"1S10FLS0FU00MJ04FSYC","SYS-M900-M-I5QC-25-A+","A+","2022-09-07 10:38:47","RN-10728-3","519",
"1S10FLS0FU00MJ03VJXW","SYS-M900-M-I5QC-25-A+","A+","2022-09-07 10:38:47","RN-10728-3","519",
"1S10FLS0FU00MJ03QGVF","SYS-M900-M-I5QC-25-A+","A+","2022-09-07 10:38:47","RN-10728-3","519",
"1S10FLS0FU00MJ03L2YJ","SYS-M900-M-I5QC-25-A+","A+","2022-09-07 10:38:47","RN-10728-3","519",
"1S10FLS0FU00MJ053UN1","SYS-M900-M-I5QC-25-A+","A+","2022-09-07 10:38:47","RN-10728-3","519",
"1S10FLS0FU00MJ05F72N","SYS-M900-M-I5QC-25-A+","A+","2022-09-07 10:38:47","RN-10728-3","519",
"1S10FLS0FU00MJ05GELN","SYS-M900-M-I5QC-25-A+","A+","2022-09-07 10:38:47","RN-10728-3","519",
"1S10FLS0FU00MJ04ZJ7M","SYS-M900-M-I5QC-25-A+","A+","2022-09-07 10:38:47","RN-10728-3","519",
"1S10FLS0FU00MJ056A4H","SYS-M900-M-I5QC-25-A+","A+","2022-09-07 10:38:47","RN-10728-3","519",
"1S10FLS0FU00MJ046Y5K","SYS-M900-M-I5QC-25-A+","A+","2022-09-07 10:38:47","RN-10728-3","519",
"1S10FLS0FT00MJ046X9V","SYS-M900-M-I5QC-25-A+","A+","2022-09-07 10:38:47","RN-10728-3","519",
"1S10FLS0FU00MJ04ZJAZ","SYS-M900-M-I5QC-25-A+","A+","2022-09-07 10:38:47","RN-10728-3","519",
"1S10FLS0FT00MJ04B038","SYS-M900-M-I5QC-25-A+","A+","2022-09-07 10:38:47","RN-10728-3","519",
"1S10FLS0FU00MJ04ZJB3","SYS-M900-M-I5QC-25-A+","A+","2022-09-07 10:38:47","RN-10728-3","519",
"1S10FLS0FU00MJ05GED9","SYS-M900-M-I5QC-25-A+","A+","2022-09-07 10:38:47","RN-10728-3","519",
"1S10FLS0FU00MJ05GELB","SYS-M900-M-I5QC-25-A+","A+","2022-09-07 10:38:47","RN-10728-3","519",
"1S10FLS0FU00MJ053ZKA","SYS-M900-M-I5QC-25-A+","A+","2022-09-07 10:38:47","RN-10728-3","519",
"1S10FLS0FU00MJ05CZNS","SYS-M900-M-I5QC-25-A+","A+","2022-09-07 10:38:47","RN-10728-3","519",
"1S10FLS0FU00MJ05F6W6","SYS-M900-M-I5QC-25-A+","A+","2022-09-07 10:38:47","RN-10728-3","519",
"1S10FLS0FU00MJ04ZJ16","SYS-M900-M-I5QC-25-A+","A+","2022-09-07 10:38:47","RN-10728-3","519",
"1S10FLS0FU00MJ05G555","SYS-M900-M-I5QC-25-A+","A+","2022-09-07 10:38:47","RN-10728-3","519",
"1S10FLS0FU00MJ04FSXE","SYS-M900-M-I5QC-25-A+","A+","2022-09-07 10:38:47","RN-10728-3","519",
"1S10FLS0FU00MJ05GELM","SYS-M900-M-I5QC-25-A+","A+","2022-09-07 10:38:47","RN-10728-3","519",
"1S10FLS0FU00MJ05189R","SYS-M900-M-I5QC-25-A+","A+","2022-09-07 10:38:47","RN-10728-3","519",
"1S10FLS0FU00MJ05GENK","SYS-M900-M-I5QC-25-A+","A+","2022-09-07 10:38:47","RN-10728-3","519",
"1S10FLS0FU00MJ046Y94","SYS-M900-M-I5QC-25-A+","A+","2022-09-07 10:38:47","RN-10728-3","519",
"1S10FLS0FT00MJ05D8L6","SYS-M900-M-I5QC-25-A+","A+","2022-09-07 10:38:47","RN-10728-3","519",
"1S10FLS0FU00MJ03QHS7","SYS-M900-M-I5QC-25-A+","A+","2022-09-07 10:38:47","RN-10728-3","519",
"1S10FLS0FU00MJ03WVL8","SYS-M900-M-I5QC-25-A+","A+","2022-09-07 10:38:47","RN-10728-3","519",
"1S10FLS0FU00MJ04A85Z","SYS-M900-M-I5QC-25-A+","A+","2022-09-07 10:38:47","RN-10728-3","519",
"1S10FLS0FU00MJ05GEMY","SYS-M900-M-I5QC-25-A+","A+","2022-09-07 10:38:47","RN-10728-3","519",
"1S10FLS0FT00MJ05861J","SYS-M900-M-I5QC-25-A+","A+","2022-09-07 10:38:47","RN-10728-3","519",
"1S10FLS0FU00MJ05GE8N","SYS-M900-M-I5QC-25-A+","A+","2022-09-07 10:38:47","RN-10728-3","519",
"1S10FLS0FU00MJ03WVLU","SYS-M900-M-I5QC-25-A+","A+","2022-09-07 10:38:47","RN-10728-3","519",
"1S10FLS0FU00MJ05L5EZ","SYS-M900-M-I5QC-25-A+","A+","2022-09-07 10:38:47","RN-10728-3","519",
"1S10FLS0FU00MJ046Y8U","SYS-M900-M-I5QC-25-A+","A+","2022-09-07 10:38:47","RN-10728-3","519",
"1S10FLS0FU00MJ0484QJ","SYS-M900-M-I5QC-25-A+","A+","2022-09-07 10:38:47","RN-10728-3","519",
"1S10FLS0FU00MJ04ZHZ0","SYS-M900-M-I5QC-25-A+","A+","2022-09-07 10:38:47","RN-10728-3","519",
"1S10FLS0FU00MJ05G53U","SYS-M900-M-I5QC-25-A+","A+","2022-09-07 10:38:47","RN-10728-3","519",
"1S10FLS0FU00MJ05DU2C","SYS-M900-M-I5QC-25-A+","A+","2022-09-07 10:38:47","RN-10728-3","519",
"1S10FLS0FU00MJ053ZKJ","SYS-M900-M-I5QC-25-A+","A+","2022-09-07 10:38:47","RN-10728-3","519",
"1S10FLS0FU00MJ05GEHQ","SYS-M900-M-I5QC-25-A+","A+","2022-09-07 10:38:47","RN-10728-3","519",
"1S10FLS0FT00MJ03NWHX","SYS-M900-M-I5QC-25-A+","A+","2022-09-07 10:38:47","RN-10728-3","519",
"1S10FLS0FT00MJ03WVDR","SYS-M900-M-I5QC-25-A+","A+","2022-09-07 10:38:47","RN-10728-3","519",
"1S10FLS0FU00MJ05GEAE","SYS-M900-M-I5QC-25-A+","A+","2022-09-07 10:38:47","RN-10728-3","519",
"1S10FLS0FT00MJ03WVEF","SYS-M900-M-I5QC-25-A+","A+","2022-09-07 10:38:47","RN-10728-3","519",
"1S10FLS0FT00MJ05GE0A","SYS-M900-M-I5QC-25-A+","A+","2022-09-07 10:38:47","RN-10728-3","519",
"1S10FLS0FU00MJ053ZH6","SYS-M900-M-I5QC-25-A+","A+","2022-09-07 10:38:47","RN-10728-3","519",
"1S10FLS0FT00MJ0580J5","SYS-M900-M-I5QC-25-A+","A+","2022-09-07 10:38:47","RN-10728-3","519",
"1S10FLS0FU00MJ046Y9M","SYS-M900-M-I5QC-25-A+","A+","2022-09-07 10:38:47","RN-10728-3","519",
"1S10FLS0FU00MJ04L6PU","SYS-M900-M-I5QC-25-A+","A+","2022-09-07 10:38:47","RN-10728-3","519",
"1S10FLS0FU00MJ04MGBL","SYS-M900-M-I5QC-25-A+","A+","2022-09-07 10:38:47","RN-10728-3","519",
"1S10FLS0FU00MJ05GEE2","SYS-M900-M-I5QC-25-A+","A+","2022-09-07 10:38:47","RN-10728-3","519",
"1S10FLS0FU00MJ046YAW","SYS-M900-M-I5QC-25-A+","A+","2022-09-07 10:38:47","RN-10728-3","519",
