"","Model SKU","SKU Class","Recent Stock Avergae Cost","Recent Stock Quantity Eligible / Active","All Stock Avergae Cost","All Stock Quantity Eligible / Active","Reminder Date","Reminder Notes","Last Updated","Updated By","Current Base Line Cost","Base Line Cost",
"","-M-I5DC","ODDBALL","0","0 / 0","0","0 / 0","","","2021-03-04 04:45:03","","0","",
"","-U-8200","ODDBALL","0","0 / 0","0","0 / 0","","","2020-12-07 14:53:11","","0","",
"","-U-I5QC","ODDBALL","0","0 / 0","0","0 / 0","","","2021-08-06 04:45:05","","0","",
"","-U-I7QC","ODDBALL","0","0 / 0","0","0 / 0","","","2021-08-06 04:45:05","","0","",
"","10G9000NUS-M-PENT","ODDBALL","0","0 / 1","13.34","1 / 1","","","2022-07-27 10:33:48","","0","",
"","10G9000NUS-M-PQC","ODDBALL","0","0 / 473","13.5","454 / 473","","","2021-03-13 04:45:05","","0","",
"","260G1-M-I5DC","ODDBALL","0","0 / 0","0","0 / 0","","","","","0","",
"","260G1-M-I5QC","ODDBALL","0","0 / 0","0","0 / 0","","","","","0","",
"","3010-D-CELDC","ODDBALL","0","0 / 0","0","0 / 0","0000-00-00 00:00:00","","2021-06-21 13:36:24","","0","",
"","3010-D-I5QC","ODDBALL","0","0 / 0","0","0 / 0","","","2020-12-08 12:47:04","","45","",
"","3010-D-PG","ODDBALL","0","0 / 1","0","0 / 1","","","2022-07-27 10:33:48","","0","",
"","3010-T-I5QC","ODDBALL","0","0 / 0","0","0 / 0","","","2020-12-08 12:47:04","","45","",
"","3020-M-I5QC","CORE","0","0 / 0","0","0 / 0","0000-00-00 00:00:00","","2022-08-12 09:43:42","Jason Blair","30","",
"","3020-T-I5QC","ODDBALL","0","0 / 0","0","0 / 0","","","2020-12-09 17:28:07","Kurt Reynolds","50","",
"","3020M-M-I3DC","ODDBALL","0","0 / 9","16.62","9 / 9","","","2020-12-07 14:53:11","","0","",
"","3020M-M-I3QC","ODDBALL","0","0 / 0","0","0 / 0","","","","","0","",
"","3020M-M-I5QC","CORE","0","0 / 9","38.19","8 / 9","0000-00-00 00:00:00","","2022-08-12 09:43:42","Jason Blair","30","",
"","3020M-M-PENT","ODDBALL","0","0 / 1","32.07","1 / 1","","","2022-07-27 10:33:48","","0","",
"","3040-M-I3DC","ODDBALL","0","0 / 0","0","0 / 0","0000-00-00 00:00:00","","2022-04-17 20:33:00","Jason Blair","60","",
"","3040-M-I3QC","ODDBALL","0","0 / 0","0","0 / 0","0000-00-00 00:00:00","","2022-04-17 20:33:00","Jason Blair","60","",
"","3040-M-I5DC","ODDBALL","0","0 / 0","0","0 / 0","","","","","0","",
"","3040-M-I5QC","CORE","0","0 / 14","79.62","14 / 14","0000-00-00 00:00:00","","2022-08-04 10:37:35","Jason Blair","65","",
"","3040-T-I5QC","ODDBALL","0","0 / 0","0","0 / 0","0000-00-00 00:00:00","","2021-06-21 13:36:24","","0","",
"","3046-M-I5QC","ODDBALL","0","0 / 4","90.91","4 / 4","0000-00-00 00:00:00","","2022-04-15 08:19:12","Jason Blair","120","",
"","3050-D-CDC","ODDBALL","0","0 / 0","0","0 / 0","","","2020-12-09 17:28:07","Kurt Reynolds","105","",
"","3050-M-I3DC","ODDBALL","0","0 / 1","82.44","1 / 1","","","2022-08-10 04:40:04","","0","",
"","3050-M-I5DC","ODDBALL","0","0 / 0","0","0 / 0","","","","","0","",
"","3050-M-I5QC","CORE","48.56","277 / 304","51.72","304 / 304","0000-00-00 00:00:00","","2022-08-12 09:35:21","Jason Blair","65","",
"","3050-M-I7QC","ODDBALL","0","0 / 2","161.75","2 / 2","0000-00-00 00:00:00","","2022-08-12 09:35:21","Jason Blair","95","",
"","3060-M-I3QC","ODDBALL","0","0 / 0","0","0 / 0","","","2021-01-27 04:45:03","","0","",
"","3060-M-I5DC","ODDBALL","0","0 / 0","0","0 / 0","","","","","0","",
"","3060-M-I5HC","CORE","103.19","46 / 48","103.81","48 / 48","0000-00-00 00:00:00","","2022-06-20 10:27:41","Jason Blair","170","",
"","3060-M-I5QC","CORE","0","0 / 0","0","0 / 0","0000-00-00 00:00:00","","2022-06-20 10:27:41","Jason Blair","170","",
"","3060-M-I5SC","CORE","0","0 / 0","0","0 / 0","0000-00-00 00:00:00","","2022-06-20 10:27:41","Jason Blair","170","",
"","3060-M-I76C","ODDBALL","190.4","9 / 9","190.4","9 / 9","0000-00-00 00:00:00","","2022-08-23 09:50:54","Jason Blair","216","",
"","3060-M-I7HC","ODDBALL","0","0 / 0","0","0 / 0","0000-00-00 00:00:00","","0000-00-00 00:00:00","","216","",
"","3060-M-I7QC","ODDBALL","0","0 / 0","0","0 / 0","0000-00-00 00:00:00","","0000-00-00 00:00:00","","216","",
"","3070-M-I5HC","ODDBALL","0","0 / 4","165.82","4 / 4","0000-00-00 00:00:00","","2022-03-22 04:45:05","","210","",
"","3070-M-I78C","ODDBALL","132.77","1 / 1","132.77","1 / 1","","","2022-09-21 04:40:05","","0","",
"","3080-M-HC","ODDBALL","0","0 / 1","232.38","1 / 1","","","2022-07-27 10:33:48","","0","",
"","3080-M-I5HC","ODDBALL","0","0 / 0","0","0 / 0","0000-00-00 00:00:00","","0000-00-00 00:00:00","","234","",
"","3150SE-U-NSGX2","ODDBALL","0","0 / 0","0","0 / 0","","","2020-12-07 14:53:11","","0","",
"","3420-D-I5QC","ODDBALL","0","0 / 0","0","0 / 0","0000-00-00 00:00:00","","2021-06-21 13:36:24","","0","",
"","3500-T-I3DC","ODDBALL","0","0 / 0","0","0 / 0","0000-00-00 00:00:00","","2021-06-21 13:36:24","","0","",
"","3500-T-I5QC","ODDBALL","0","0 / 0","0","0 / 0","0000-00-00 00:00:00","","2021-06-21 13:36:24","","0","",
"","3668-D-I5QC","ODDBALL","0","0 / 0","0","0 / 0","0000-00-00 00:00:00","","2021-06-21 13:36:24","","0","",
"","3671-T-I56C","ODDBALL","0","0 / 0","0","0 / 0","0000-00-00 00:00:00","","2021-06-21 13:36:24","","0","",
"","3847-T-I3DC","ODDBALL","0","0 / 0","0","0 / 0","0000-00-00 00:00:00","","2021-06-21 13:36:24","","0","",
"","3847-T-I5QC","ODDBALL","0","0 / 0","0","0 / 0","0000-00-00 00:00:00","","2021-06-21 13:36:24","","0","",
"","400G1-D-I5QC","ODDBALL","0","0 / 0","0","0 / 0","0000-00-00 00:00:00","","2021-06-21 13:36:24","","0","",
"","400G1-M-I5QC","CORE","0","0 / 7","51.85","7 / 7","0000-00-00 00:00:00","","2022-08-16 14:42:37","Jason Blair","35","",
"","400G2-M-PENT","ODDBALL","0","0 / 2","34.94","2 / 2","","","2021-03-05 04:45:05","","0","",
"","400G2_5-D-I5QC","ODDBALL","0","0 / 4","32.53","2 / 4","","","2021-08-07 04:45:04","","0","",
"","400G3-D-I5QC","ODDBALL","0","0 / 26","52.79","26 / 26","","","2020-12-09 17:28:07","Kurt Reynolds","55","",
"","400G3-D-PG","ODDBALL","0","0 / 1","-1.84","1 / 1","","","2021-06-17 04:45:04","","0","",
"","400G3-M-I3DC","ODDBALL","0","0 / 2","72.01","2 / 2","","","2022-08-10 04:40:04","","0","",
"","400G3-M-I5QC","CORE","0","0 / 56","92.84","56 / 56","0000-00-00 00:00:00","","2022-09-02 09:47:21","Jason Blair","65","",
"","400G4-D-I5QC","ODDBALL","0","0 / 0","0","0 / 0","","","2020-12-09 17:28:07","Kurt Reynolds","80","",
"","400G4-M-I5DC","ODDBALL","0","0 / 0","0","0 / 0","","","","","0","",
"","400G4-M-I5HC","CORE","0","0 / 393","151.93","390 / 393","0000-00-00 00:00:00","","2022-08-09 10:55:28","Jason Blair","150","",
"","400G4-M-I5QC","CORE","0","0 / 0","0","0 / 0","0000-00-00 00:00:00","","2022-08-09 10:55:28","Jason Blair","150","",
"","400G4-M-I5SC","CORE","0","0 / 0","0","0 / 0","0000-00-00 00:00:00","","2022-08-09 10:55:28","Jason Blair","150","",
"","400G5-M-I5HC","ODDBALL","0","0 / 0","0","0 / 0","0000-00-00 00:00:00","","0000-00-00 00:00:00","","170","",
"","4300-D-I5QC","ODDBALL","0","0 / 0","0","0 / 0","0000-00-00 00:00:00","","2021-06-21 13:36:24","","0","",
"","500467C-T-A8QC","ODDBALL","0","0 / 0","0","0 / 0","0000-00-00 00:00:00","","2021-06-21 13:36:24","","0","",
"","5050-M-I5DC","ODDBALL","0","0 / 0","0","0 / 0","","","","","0","",
"","5050-M-I5QC","CORE","24.35","1 / 3","30.46","3 / 3","","","2020-12-09 17:28:07","Kurt Reynolds","100","",
"","5050-M-I7QC","ODDBALL","0","0 / 3","145.18","3 / 3","0000-00-00 00:00:00","","2021-10-05 10:59:44","Jason Blair","158","",
"","5060-M-I3DC","ODDBALL","0","0 / 0","0","0 / 0","","","","","0","",
"","5060-M-I3QC","ODDBALL","0","0 / 0","0","0 / 0","","","2020-12-07 14:53:11","","0","",
"","5060-M-I5HC","CORE","137.42","108 / 110","138.34","110 / 110","0000-00-00 00:00:00","","2022-06-20 10:27:25","Jason Blair","170","",
"","5060-M-I5SC","CORE","0","0 / 0","0","0 / 0","0000-00-00 00:00:00","","2022-06-20 10:27:25","Jason Blair","170","",
"","5070-M-I5HC","ODDBALL","204.25","4 / 4","204.25","4 / 4","0000-00-00 00:00:00","","2022-08-23 12:57:54","Jason Blair","215","",
"","5810-D-I3DC","ODDBALL","0","0 / 0","0","0 / 0","0000-00-00 00:00:00","","2021-06-21 13:36:24","","0","",
"","5810-D-PG","ODDBALL","0","0 / 0","0","0 / 0","0000-00-00 00:00:00","","2021-06-21 13:36:24","","0","",
"","6005-U-ATH2X2","ODDBALL","0","0 / 4","0","0 / 4","","","2020-12-09 17:28:07","Kurt Reynolds","50","",
"","6005-U-ATH2X4","ODDBALL","0","0 / 2","-2.39","1 / 2","","","2020-12-09 17:28:07","Kurt Reynolds","30","",
"","600G1-D-I5QC","ODDBALL","0","0 / 0","0","0 / 0","","","2020-12-09 17:28:07","Kurt Reynolds","50","",
"","600G1-M-I3DC","CORE","0","0 / 0","0","0 / 0","0000-00-00 00:00:00","","2021-07-04 18:33:40","Jason Blair","30","",
"","600G1-M-I3QC","ODDBALL","0","0 / 0","0","0 / 0","","","","","0","",
"","600G1-M-I5DC","CORE","0","0 / 1","29.39","1 / 1","0000-00-00 00:00:00","","2022-08-12 09:34:37","Jason Blair","35","",
"","600G1-M-I5QC","CORE","0","0 / 227","38.04","226 / 227","0000-00-00 00:00:00","","2022-08-12 09:34:37","Jason Blair","35","",
"","600G1-M-I7QC","ODDBALL","0","0 / 0","0","0 / 0","","","2021-01-27 04:45:03","","0","",
"","600G1-M-PENT","ODDBALL","0","0 / 0","0","0 / 0","","","2021-03-13 04:45:05","","0","",
"","600G1-T-I5QC","ODDBALL","0","0 / 0","0","0 / 0","0000-00-00 00:00:00","","2021-06-21 13:36:24","","0","",
"","600G2-M-I3DC","ODDBALL","0","0 / 0","0","0 / 0","0000-00-00 00:00:00","","0000-00-00 00:00:00","","45","",
"","600G2-M-I5DC","ODDBALL","0","0 / 0","0","0 / 0","","","","","0","",
"","600G2-M-I5QC","ODDBALL","0","0 / 95","51.41","95 / 95","0000-00-00 00:00:00","","2022-08-12 09:33:28","Jason Blair","67","",
"","600G2-M-I7DC","ODDBALL","0","0 / 0","0","0 / 0","","","","","0","",
"","600G2-M-I7QC","ODDBALL","0","0 / 1","31","1 / 1","","","2020-12-11 11:20:51","Kurt Reynolds","105","",
"","600G3-M-I3DC","ODDBALL","0","0 / 2","0","0 / 2","","","2022-07-27 10:33:48","","0","",
"","600G3-M-I5DC","ODDBALL","0","0 / 0","0","0 / 0","","","","","0","",
"","600G3-M-I5QC","ODDBALL","0","0 / 6","38.98","6 / 6","0000-00-00 00:00:00","","2022-09-02 09:46:32","Jason Blair","65","",
"","600G4-M-I5HC","CORE","0","0 / 69","106.27","69 / 69","0000-00-00 00:00:00","","2022-09-23 13:23:40","Jason Blair","150","",
"","600G5-M-I5DC","ODDBALL","0","0 / 0","0","0 / 0","","","","","0","",
"","600G5-M-I5HC","ODDBALL","144.16","50 / 51","144.32","51 / 51","0000-00-00 00:00:00","","0000-00-00 00:00:00","","170","",
"","600G5-M-I5QC","ODDBALL","0","0 / 0","0","0 / 0","","","","","0","",
"","6200-D-I3DC","ODDBALL","0","0 / 1","0","0 / 1","","","2022-07-27 10:33:48","","0","",
"","6200-D-I5DC","ODDBALL","0","0 / 0","0","0 / 0","","","0000-00-00 00:00:00","","20","",
"","6200-D-I5QC","ODDBALL","0","0 / 1","15.51","1 / 1","","","0000-00-00 00:00:00","","20","",
"","6200-D-PG","ODDBALL","0","0 / 0","0","0 / 0","0000-00-00 00:00:00","","2021-06-21 13:36:24","","0","",
"","6200-T-CEL","ODDBALL","0","0 / 0","0","0 / 0","0000-00-00 00:00:00","","2021-06-21 13:36:24","","0","",
"","6200-T-I5QC","ODDBALL","0","0 / 0","0","0 / 0","","","2021-04-16 09:39:47","Jason Blair","55","",
"","6300G3-M-I3DC","ODDBALL","0","0 / 0","0","0 / 0","","","","","0","",
"","6300G3-M-I3QC","ODDBALL","0","0 / 0","0","0 / 0","","","","","0","",
"","6300G3-M-I5DC","ODDBALL","0","0 / 0","0","0 / 0","","","","","0","",
"","6300G3-M-I5QC","ODDBALL","0","0 / 0","0","0 / 0","","","2020-12-09 17:28:07","Kurt Reynolds","120","",
"","6305-T-AMDDC","ODDBALL","0","0 / 0","0","0 / 0","0000-00-00 00:00:00","","2021-06-21 13:36:24","","0","",
"","7010-D-I3DC","ODDBALL","0","0 / 1","-8.39","1 / 1","","","2022-03-11 04:45:05","","0","",
"","7010-D-I5QC","ODDBALL","0","0 / 2","22.11","2 / 2","","","2022-03-11 04:45:05","","0","",
"","7010-T-I3DC","ODDBALL","0","0 / 0","0","0 / 0","","","2020-12-09 17:28:07","Kurt Reynolds","45","",
"","7010-T-I5QC","ODDBALL","0","0 / 8","46.51","1 / 8","","","2020-12-09 17:28:07","Kurt Reynolds","50","",
"","7010-T-I7QC","ODDBALL","0","0 / 0","0","0 / 0","","","2020-12-16 08:34:27","Jason Blair","95","",
"","7010-U-I3DC","ODDBALL","0","0 / 7","0","0 / 7","0000-00-00 00:00:00","","2022-08-12 09:32:46","Jason Blair","15","",
"","7010-U-I3QC","ODDBALL","0","0 / 0","0","0 / 0","","","","","0","",
"","7010-U-I5DC","CORE","0","0 / 0","0","0 / 0","","","","","0","",
"","7010-U-I5QC","CORE","0","0 / 124","44.36","109 / 124","0000-00-00 00:00:00","","2022-08-12 09:32:46","Jason Blair","20","",
"","7010-U-I7DC","ODDBALL","0","0 / 0","0","0 / 0","","","","","0","",
"","7010-U-I7QC","CORE","0","0 / 78","59.87","77 / 78","0000-00-00 00:00:00","","2022-08-12 09:32:46","Jason Blair","50","",
"","7010-U-PG","ODDBALL","0","0 / 1","0","0 / 1","","","2021-05-21 04:45:04","","0","",
"","7020-D-I5QC","ODDBALL","0","0 / 2","5.61","2 / 2","","","2022-03-11 04:45:05","","0","",
"","7020-T-I5QC","ODDBALL","0","0 / 0","0","0 / 0","","","2020-12-09 17:28:07","Kurt Reynolds","70","",
"","7020-T-I7QC","ODDBALL","0","0 / 0","0","0 / 0","0000-00-00 00:00:00","","2021-06-21 13:36:24","","0","",
"","7040-M-I3DC","ODDBALL","0","0 / 22","120.06","22 / 22","0000-00-00 00:00:00","","2022-04-15 15:01:00","Jason Blair","70","",
"","7040-M-I5DC","ODDBALL","0","0 / 0","0","0 / 0","","","","","0","",
"","7040-M-I5QC","CORE","0","0 / 3","132.91","3 / 3","0000-00-00 00:00:00","","2022-09-15 15:25:44","Jason Blair","67","",
"","7040-M-I7QC","CORE","0","0 / 1","67.1","1 / 1","0000-00-00 00:00:00","","2022-08-10 21:13:05","Jason Blair","95","",
"","7040-U-I5QC","ODDBALL","0","0 / 0","0","0 / 0","","","2022-03-08 04:45:06","","0","",
"","7050-M-DC","ODDBALL","0","0 / 2","88.47","2 / 2","","","2020-12-07 14:53:11","","0","",
"","7050-M-I3DC","ODDBALL","0","0 / 3","158.62","3 / 3","0000-00-00 00:00:00","","2022-08-03 21:22:35","Jason Blair","45","",
"","7050-M-I3QC","ODDBALL","0","0 / 0","0","0 / 0","0000-00-00 00:00:00","","2022-08-03 21:22:35","Jason Blair","45","",
"","7050-M-I5DC","ODDBALL","0","0 / 0","0","0 / 0","","","","","0","",
"","7050-M-I5QC","CORE","72.44","7 / 32","107.63","32 / 32","0000-00-00 00:00:00","","2022-09-15 15:26:15","Jason Blair","67","",
"","7050-M-I7DC","ODDBALL","0","0 / 0","0","0 / 0","","","","","0","",
"","7050-M-I7QC","ODDBALL","0","0 / 2","80.9","2 / 2","0000-00-00 00:00:00","","2022-07-13 08:49:01","Jason Blair","150","",
"","7050-M-QC","ODDBALL","0","0 / 9","96.63","9 / 9","","","2021-10-26 04:45:04","","0","",
"","705G1-D-A4","ODDBALL","0","0 / 0","0","0 / 0","0000-00-00 00:00:00","","2021-06-21 13:36:24","","0","",
"","705G1-M-AMD","ODDBALL","0","0 / 5","15.12","5 / 5","0000-00-00 00:00:00","","2021-12-06 09:43:27","Jason Blair","42","",
"","705G2-M-A12","ODDBALL","0","0 / 1","-8.02","1 / 1","","","2020-12-07 14:53:11","","0","",
"","705G2-M-A8","ODDBALL","0","0 / 1","8.01","1 / 1","","","2020-12-09 17:28:07","Kurt Reynolds","50","",
"","705G2-M-AMDQC","ODDBALL","0","0 / 0","0","0 / 0","","","2021-03-15 13:33:03","Jason Blair","36","",
"","705G3-M-A10","ODDBALL","0","0 / 0","0","0 / 0","","","2020-12-09 17:28:07","Kurt Reynolds","70","",
"","705G3-M-AMDDC","ODDBALL","0","0 / 0","0","0 / 0","0000-00-00 00:00:00","","2021-08-09 13:44:17","Jason Blair","20","",
"","705G4-M-AMDQC","ODDBALL","0","0 / 0","0","0 / 0","0000-00-00 00:00:00","","0000-00-00 00:00:00","","159","",
"","705G4-M-R5","ODDBALL","0","0 / 29","144.77","28 / 29","","","2022-07-27 10:33:48","","0","",
"","7060-M-I5HC","CORE","152.02","1 / 155","154.42","155 / 155","0000-00-00 00:00:00","","2022-06-14 14:24:08","Jason Blair","190","",
"","7060-M-I5QC","CORE","0","0 / 0","0","0 / 0","0000-00-00 00:00:00","","2022-06-14 14:24:08","Jason Blair","190","",
"","7060-M-I5SC","ODDBALL","0","0 / 0","0","0 / 0","0000-00-00 00:00:00","","2022-06-14 14:24:08","Jason Blair","190","",
"","7060-M-I76C","ODDBALL","0","0 / 0","0","0 / 0","0000-00-00 00:00:00","","2022-06-23 15:56:56","Jason Blair","240","",
"","7060-M-I7DC","ODDBALL","0","0 / 0","0","0 / 0","","","","","0","",
"","7060-M-I7HC","ODDBALL","0","0 / 0","0","0 / 0","0000-00-00 00:00:00","","2022-06-23 15:56:56","Jason Blair","240","",
"","7060-M-I7QC","ODDBALL","0","0 / 0","0","0 / 0","0000-00-00 00:00:00","","2022-06-23 15:56:56","Jason Blair","240","",
"","7070-M-I5HC","ODDBALL","0","0 / 0","0","0 / 0","0000-00-00 00:00:00","","2022-08-18 14:33:01","Jason Blair","205","",
"","7070-M-I5SC","ODDBALL","0","0 / 0","0","0 / 0","0000-00-00 00:00:00","","2022-08-18 14:33:01","Jason Blair","205","",
"","7080-M-HC","ODDBALL","0","0 / 0","0","0 / 0","","","2022-03-24 04:45:05","","0","",
"","7700-D-C2D","ODDBALL","0","0 / 0","0","0 / 0","0000-00-00 00:00:00","","2021-06-21 13:36:24","","0","",
"","780-T-C2D","ODDBALL","0","0 / 0","0","0 / 0","0000-00-00 00:00:00","","2021-06-21 13:36:24","","0","",
"","780-U-C2D","ODDBALL","0","0 / 10","49.13","5 / 10","0000-00-00 00:00:00","","2021-11-18 10:05:03","Jason Blair","59","",
"","780-U-PDC","ODDBALL","0","0 / 4","32.11","4 / 4","","","2021-09-21 04:45:04","","0","",
"","7800-U-C2D","ODDBALL","0","0 / 0","0","0 / 0","","","2020-12-07 14:53:11","","0","",
"","790-M-I5QC","ODDBALL","0","0 / 0","0","0 / 0","","","2022-03-16 04:45:05","","0","",
"","790-M-I7QC","ODDBALL","0","0 / 0","0","0 / 0","","","2021-01-22 04:45:03","","0","",
"","790-T-I5QC","ODDBALL","0","0 / 1","0","0 / 1","","","2020-12-09 17:28:07","Kurt Reynolds","40","",
"","790-U-I3DC","ODDBALL","0","0 / 10","19.43","9 / 10","0000-00-00 00:00:00","","2021-06-21 13:37:55","Jason Blair","20","",
"","790-U-I3QC","ODDBALL","0","0 / 0","0","0 / 0","0000-00-00 00:00:00","","2021-06-21 13:37:55","Jason Blair","20","",
"","790-U-I5DC","CORE","0","0 / 0","0","0 / 0","0000-00-00 00:00:00","","2022-06-20 10:24:17","Jason Blair","28","",
"","790-U-I5QC","CORE","0","0 / 207","25.53","163 / 207","0000-00-00 00:00:00","","2022-06-20 10:24:17","Jason Blair","28","",
"","790-U-I7QC","CORE","0","0 / 34","62.53","34 / 34","0000-00-00 00:00:00","","2021-11-17 09:54:21","Jason Blair","65","",
"","790-U-PG","ODDBALL","0","0 / 2","17.25","2 / 2","","","2021-01-15 12:44:13","","0","",
"","7900-U-C2D","ODDBALL","0","0 / 2","0","0 / 2","","","2021-03-13 04:45:05","","0","",
"","8000-U-C2D","ODDBALL","0","0 / 98","0","0 / 98","","","2021-01-12 16:30:05","Jason Blair","20","",
"","800G1-D-I5QC","ODDBALL","0","0 / 0","0","0 / 0","0000-00-00 00:00:00","","2022-08-12 09:36:40","Jason Blair","35","",
"","800G1-D-I7QC","ODDBALL","0","0 / 0","0","0 / 0","0000-00-00 00:00:00","","2021-06-21 13:36:24","","0","",
"","800G1-M-I3DC","ODDBALL","0","0 / 1","58.27","1 / 1","","","","","0","",
"","800G1-M-I3QC","ODDBALL","0","0 / 0","0","0 / 0","","","","","0","",
"","800G1-M-I5DC","CORE","0","0 / 1","33.38","1 / 1","","","2020-12-07 14:53:11","","0","",
"","800G1-M-I5QC","CORE","0","0 / 4","37.64","4 / 4","0000-00-00 00:00:00","","2022-08-12 09:36:40","Jason Blair","35","",
"","800G1-M-I7DC","ODDBALL","0","0 / 0","0","0 / 0","","","","","0","",
"","800G1-M-I7QC","CORE","0","0 / 8","59.2","8 / 8","0000-00-00 00:00:00","","2022-07-12 14:27:16","Jason Blair","77","",
"","800G1-T-I5QC","ODDBALL","0","0 / 0","0","0 / 0","","","0000-00-00 00:00:00","","80","",
"","800G1-T-I7QC","ODDBALL","0","0 / 0","0","0 / 0","","","2021-02-08 17:57:00","Jason Blair","110","",
"","800G1-U-I3DC","ODDBALL","0","0 / 9","54.69","9 / 9","0000-00-00 00:00:00","","2022-08-12 09:32:00","Jason Blair","25","",
"","800G1-U-I3QC","ODDBALL","0","0 / 0","0","0 / 0","","","","","0","",
"","800G1-U-I5DC","ODDBALL","0","0 / 0","0","0 / 0","","","","","0","",
"","800G1-U-I5QC","CORE","9.2","163 / 959","48.9","874 / 959","0000-00-00 00:00:00","","2022-08-12 09:32:00","Jason Blair","30","",
"","800G1-U-I7DC","ODDBALL","0","0 / 0","0","0 / 0","","","","","0","",
"","800G1-U-I7QC","CORE","0","0 / 25","66.53","25 / 25","0000-00-00 00:00:00","","2022-08-12 09:32:00","Jason Blair","60","",
"","800G2-D-I5QC","ODDBALL","0","0 / 0","0","0 / 0","","","2020-12-11 11:20:51","Kurt Reynolds","130","",
"","800G2-M-I5DC","ODDBALL","0","0 / 0","0","0 / 0","","","","","0","",
"","800G2-M-I5QC","CORE","0","0 / 155","70.96","153 / 155","0000-00-00 00:00:00","","2022-06-19 12:27:59","Jason Blair","67","",
"","800G2-M-I7DC","ODDBALL","0","0 / 0","0","0 / 0","","","","","0","",
"","800G2-M-I7QC","CORE","0","0 / 0","0","0 / 0","0000-00-00 00:00:00","","2022-06-19 12:27:59","Jason Blair","97","",
"","800G2-U-I7QC","ODDBALL","0","0 / 0","0","0 / 0","","","2021-06-17 04:45:04","","0","",
"","800G3-M-I5DC","ODDBALL","0","0 / 0","0","0 / 0","","","","","0","",
"","800G3-M-I5QC","CORE","0","0 / 93","117.13","93 / 93","0000-00-00 00:00:00","","2022-07-15 22:28:08","Jason Blair","68","",
"","800G3-M-I7DC","ODDBALL","0","0 / 0","0","0 / 0","","","","","0","",
"","800G3-M-I7QC","CORE","0","0 / 0","0","0 / 0","0000-00-00 00:00:00","","2022-07-15 22:28:08","Jason Blair","100","",
"","800G3-U-I5QC","ODDBALL","0","0 / 0","0","0 / 0","0000-00-00 00:00:00","","2022-07-15 22:28:08","Jason Blair","68","",
"","800G3-U-I7QC","ODDBALL","0","0 / 0","0","0 / 0","","","2022-03-03 04:45:05","","0","",
"","800G4-M-I5DC","ODDBALL","0","0 / 0","0","0 / 0","","","","","0","",
"","800G4-M-I5HC","CORE","0","0 / 1","169.48","1 / 1","0000-00-00 00:00:00","","2022-09-23 13:23:58","Jason Blair","150","",
"","800G4-M-I5QC","CORE","0","0 / 0","0","0 / 0","0000-00-00 00:00:00","","2022-09-23 13:23:58","Jason Blair","150","",
"","800G4-M-I5SC","CORE","0","0 / 0","0","0 / 0","0000-00-00 00:00:00","","2022-09-23 13:23:58","Jason Blair","150","",
"","800G4-M-I76C","ODDBALL","0","0 / 2","209.48","2 / 2","","","2022-02-15 04:45:05","","0","",
"","800G4-M-I7DC","ODDBALL","0","0 / 0","0","0 / 0","","","","","0","",
"","800G4-M-I7QC","ODDBALL","0","0 / 0","0","0 / 0","","","","","0","",
"","800G5-M-I5HC","ODDBALL","0","0 / 0","0","0 / 0","","","2021-11-02 04:45:04","","0","",
"","800G5-M-I5SC","ODDBALL","0","0 / 0","0","0 / 0","","","2021-08-14 04:45:05","","0","",
"","800G5-M-I78C","ODDBALL","0","0 / 1","185.66","1 / 1","","","2022-07-27 10:33:48","","0","",
"","8100-T-I5DC","ODDBALL","0","0 / 0","0","0 / 0","0000-00-00 00:00:00","","2021-06-21 13:36:24","","0","",
"","8200-D-I5QC","ODDBALL","0","0 / 1","0","0 / 1","","","2021-06-17 04:45:04","","0","",
"","8200-M-I5DC","ODDBALL","0","0 / 0","0","0 / 0","","","","","0","",
"","8200-M-I5QC","ODDBALL","0","0 / 0","0","0 / 0","","","","","0","",
"","8200-T-I5QC","ODDBALL","0","0 / 0","0","0 / 0","","","2021-04-13 09:14:30","Jason Blair","55","",
"","8200-U-8200","ODDBALL","0","0 / 0","0","0 / 0","","","2021-01-15 12:44:13","","0","",
"","8200-U-I3DC","ODDBALL","0","0 / 1","1.31","1 / 1","0000-00-00 00:00:00","","2022-08-12 09:17:11","Jason Blair","20","",
"","8200-U-I3QC","ODDBALL","0","0 / 0","0","0 / 0","","","","","0","",
"","8200-U-I5DC","CORE","0","0 / 0","0","0 / 0","0000-00-00 00:00:00","","2022-08-12 09:17:11","Jason Blair","25","",
"","8200-U-I5QC","CORE","9.5","13 / 425","42.11","363 / 425","0000-00-00 00:00:00","","2022-08-12 09:17:11","Jason Blair","25","",
"","8200-U-I7DC","ODDBALL","0","0 / 0","0","0 / 0","","","","","0","",
"","8200-U-I7QC","ODDBALL","0","0 / 130","60.38","130 / 130","0000-00-00 00:00:00","","2022-08-12 09:17:11","Jason Blair","55","",
"","8300-D-I7QC","ODDBALL","0","0 / 0","0","0 / 0","0000-00-00 00:00:00","","2021-06-21 13:36:24","","0","",
"","8300-M-I5QC","ODDBALL","0","0 / 0","0","0 / 0","","","2021-08-25 04:45:04","","0","",
"","8300-U-I3DC","ODDBALL","0","0 / 4","35.51","3 / 4","0000-00-00 00:00:00","","2022-08-12 09:31:08","Jason Blair","20","",
"","8300-U-I3QC","ODDBALL","0","0 / 0","0","0 / 0","","","","","0","",
"","8300-U-I5DC","CORE","0","0 / 0","0","0 / 0","0000-00-00 00:00:00","","2022-08-12 09:31:08","Jason Blair","25","",
"","8300-U-I5QC","CORE","16.99","97 / 189","31.09","188 / 189","0000-00-00 00:00:00","","2022-08-12 09:31:08","Jason Blair","25","",
"","8300-U-I7DC","ODDBALL","0","0 / 0","0","0 / 0","","","","","0","",
"","8300-U-I7QC","CORE","38.84","7 / 325","70.87","325 / 325","0000-00-00 00:00:00","","2022-08-12 09:31:08","Jason Blair","55","",
"","9010-D-I7QC","ODDBALL","0","0 / 0","0","0 / 0","","","2020-12-18 08:29:32","Jason Blair","85","",
"","9010-T-I5QC","ODDBALL","0","0 / 1","0","0 / 1","","","2020-12-09 17:28:07","Kurt Reynolds","70","",
"","9010-T-I7QC","ODDBALL","0","0 / 0","0","0 / 0","","","2021-04-26 12:25:24","Jason Blair","95","",
"","9010-U-I3DC","ODDBALL","0","0 / 1","0","0 / 1","","","","","0","",
"","9010-U-I3QC","ODDBALL","0","0 / 0","0","0 / 0","","","","","0","",
"","9010-U-I5DC","ODDBALL","0","0 / 1","51.91","1 / 1","","","","","0","",
"","9010-U-I5QC","ODDBALL","0","0 / 109","61.93","96 / 109","0000-00-00 00:00:00","","2022-08-12 10:48:33","Jason Blair","25","",
"","9010-U-I7DC","ODDBALL","0","0 / 0","0","0 / 0","","","","","0","",
"","9010-U-I7QC","ODDBALL","0","0 / 6","80.19","6 / 6","0000-00-00 00:00:00","","2022-08-12 10:48:33","Jason Blair","55","",
"","9020-D-I5QC","ODDBALL","0","0 / 0","0","0 / 0","0000-00-00 00:00:00","","2021-06-21 13:36:24","","0","",
"","9020-M-I3DC","ODDBALL","0","0 / 0","0","0 / 0","0000-00-00 00:00:00","","2022-07-05 09:15:03","Jason Blair","35","",
"","9020-M-I5QC","CORE","0","0 / 11","55.6","11 / 11","0000-00-00 00:00:00","","2022-08-12 09:43:29","Jason Blair","30","",
"","9020-M-I7QC","CORE","0","0 / 1","20","1 / 1","0000-00-00 00:00:00","","2022-08-12 09:43:29","Jason Blair","60","",
"","9020-T-I3DC","ODDBALL","0","0 / 1","0","0 / 1","","","2021-06-17 04:45:04","","0","",
"","9020-T-I5DC","ODDBALL","0","0 / 0","0","0 / 0","0000-00-00 00:00:00","","2021-06-21 13:36:24","","0","",
"","9020-T-I5QC","ODDBALL","0","0 / 0","0","0 / 0","","","2020-12-09 17:28:07","Kurt Reynolds","70","",
"","9020-T-I7QC","ODDBALL","0","0 / 0","0","0 / 0","","","0000-00-00 00:00:00","","105","",
"","9020-U-I3DC","ODDBALL","0","0 / 12","75.48","11 / 12","","","2021-01-29 04:45:03","","0","",
"","9020-U-I5DC","ODDBALL","0","0 / 1","29.8","1 / 1","","","","","0","",
"","9020-U-I5QC","CORE","0","0 / 429","74.5","393 / 429","0000-00-00 00:00:00","","2022-08-11 12:46:38","Jason Blair","35","",
"","9020-U-I7DC","ODDBALL","0","0 / 0","0","0 / 0","","","","","0","",
"","9020-U-I7QC","CORE","0","0 / 0","0","0 / 0","0000-00-00 00:00:00","","2022-08-11 12:46:38","Jason Blair","65","",
"","9020-U-PG","ODDBALL","0","0 / 1","95.09","1 / 1","","","2021-04-27 04:45:04","","0","",
"","960-T-C2D","ODDBALL","0","0 / 0","0","0 / 0","","","2021-03-04 08:38:29","Jason Blair","14","",
"","980-T-I5DC","ODDBALL","0","0 / 1","0","0 / 1","","","2020-12-09 17:28:07","Kurt Reynolds","25","",
"","980-T-I5QC","ODDBALL","0","0 / 0","0","0 / 0","0000-00-00 00:00:00","","2021-06-21 13:36:24","","0","",
"","980-T-I7DC","ODDBALL","0","0 / 0","0","0 / 0","","","0000-00-00 00:00:00","","55","",
"","980-T-I7QC","ODDBALL","0","0 / 0","0","0 / 0","","","2021-04-26 19:15:25","Jason Blair","55","",
"","990-T-I5QC","ODDBALL","0","0 / 0","0","0 / 0","","","2020-12-09 17:28:07","Kurt Reynolds","45","",
"","990-T-I7QC","ODDBALL","0","0 / 0","0","0 / 0","","","2020-12-09 17:28:07","Kurt Reynolds","70","",
"","990-U-I3DC","ODDBALL","0","0 / 2","23.6","2 / 2","","","2021-11-18 04:45:04","","0","",
"","990-U-I5QC","ODDBALL","0","0 / 72","46.27","33 / 72","","","2020-12-09 17:28:07","Kurt Reynolds","40","",
"","990-U-I7QC","ODDBALL","0","0 / 3","56.35","3 / 3","","","0000-00-00 00:00:00","","80","",
"","A2-4800H","ODDBALL","0","0 / 0","0","0 / 0","0000-00-00 00:00:00","","2022-01-18 10:43:41","Jason Blair","509","",
"","A24800H-M-R7","CORE","0","0 / 1","477.07","1 / 1","","","2022-07-27 10:33:48","","0","",
"","A24800H-U-R7","CORE","0","0 / 46","478.02","46 / 46","0000-00-00 00:00:00","","2022-01-18 10:20:44","","509","",
"","B352-T-I3DC","ODDBALL","0","0 / 0","0","0 / 0","0000-00-00 00:00:00","","2021-06-21 13:36:24","","0","",
"","C30-T-XEQC","ODDBALL","0","0 / 0","0","0 / 0","0000-00-00 00:00:00","","2021-06-21 13:36:24","","0","",
"","CX0-M-VC7","ODDBALL","0","0 / 0","0","0 / 0","","","2020-12-07 14:53:11","","0","",
"","DE5100I-M-I3DC","ODDBALL","0","0 / 0","0","0 / 0","","","","","0","",
"","DE5100I-M-I3QC","ODDBALL","0","0 / 0","0","0 / 0","","","","","0","",
"","E31-D-I5QC","ODDBALL","0","0 / 0","0","0 / 0","0000-00-00 00:00:00","","2021-06-21 13:36:24","","0","",
"","ERROR-M-I5DC","ODDBALL","0","0 / 0","0","0 / 0","","","2020-12-07 14:53:11","","0","",
"","M330C-U-EDEN","ODDBALL","0","0 / 0","0","0 / 0","","","2020-12-07 14:53:11","","0","",
"","M330C-U-EDENDC","ODDBALL","0","0 / 0","0","0 / 0","","","2020-12-07 14:53:11","","0","",
"","M57-D-C2D","ODDBALL","0","0 / 1","0","0 / 1","","","2021-06-17 04:45:04","","0","",
"","M57P-U-C2D","ODDBALL","0","0 / 0","0","0 / 0","","","2020-12-07 14:53:11","","0","",
"","M58-U-C2D","ODDBALL","0","0 / 0","0","0 / 0","","","2020-12-09 17:28:07","Kurt Reynolds","18","",
"","M58P-U-C2D","ODDBALL","0","0 / 1","0","0 / 1","","","2020-12-09 17:28:07","Kurt Reynolds","15","",
"","M600-M-CEL","ODDBALL","0","0 / 1","60.81","1 / 1","0000-00-00 00:00:00","","2022-08-12 09:37:55","Jason Blair","15","",
"","M600-M-PDC","ODDBALL","0","0 / 0","0","0 / 0","0000-00-00 00:00:00","","2022-08-12 09:37:55","Jason Blair","15","",
"","M600-M-PENT","ODDBALL","0","0 / 424","11.8","399 / 424","0000-00-00 00:00:00","","2022-08-12 09:37:55","Jason Blair","15","",
"","M600-M-PQC","ODDBALL","0","0 / 1","0","0 / 1","0000-00-00 00:00:00","","2022-08-12 09:37:55","Jason Blair","15","",
"","M625Q-M-AMDDC","ODDBALL","0","0 / 0","0","0 / 0","0000-00-00 00:00:00","","2022-01-27 10:13:50","","70","",
"","M625Q-M-AMDQC","ODDBALL","0","0 / 2","31.41","2 / 2","0000-00-00 00:00:00","","2022-01-26 13:33:19","Jason Blair","70","",
"","M700-M-I3DC","ODDBALL","20.85","2 / 15","26.71","14 / 15","0000-00-00 00:00:00","","2022-08-18 10:06:08","Jason Blair","40","",
"","M700-M-I3QC","ODDBALL","0","0 / 0","0","0 / 0","0000-00-00 00:00:00","","2022-08-18 10:06:08","Jason Blair","40","",
"","M700-M-I5QC","CORE","24.27","39 / 39","24.27","39 / 39","0000-00-00 00:00:00","","2022-08-18 10:06:08","Jason Blair","55","",
"","M700-M-I7DC","ODDBALL","0","0 / 0","0","0 / 0","","","","","0","",
"","M700-M-I7QC","ODDBALL","31.77","2 / 4","61.68","4 / 4","0000-00-00 00:00:00","","2022-08-18 10:06:08","Jason Blair","90","",
"","M70Q-M-I5HC","ODDBALL","0","0 / 3","144.63","3 / 3","0000-00-00 00:00:00","","2022-04-15 10:49:07","Jason Blair","300","",
"","M70Q-M-I5SC","ODDBALL","0","0 / 0","0","0 / 0","0000-00-00 00:00:00","","2022-04-15 10:49:07","Jason Blair","300","",
"","M710Q-M-","ODDBALL","0","0 / 0","0","0 / 0","","","2021-11-13 04:45:04","","0","",
"","M710Q-M-DC","CORE","0","0 / 1","-4.42","1 / 1","","","2021-02-20 04:45:03","","0","",
"","M710Q-M-I3DC","ODDBALL","0","0 / 4","32.18","4 / 4","","","2020-12-07 14:53:11","","0","",
"","M710Q-M-I3QC","ODDBALL","0","0 / 0","0","0 / 0","","","","","0","",
"","M710Q-M-I5DC","ODDBALL","0","0 / 0","0","0 / 0","","","","","0","",
"","M710Q-M-I5QC","CORE","0","0 / 2","35.51","2 / 2","0000-00-00 00:00:00","","2022-08-18 10:42:39","Jason Blair","65","",
"","M710Q-M-I7QC","ODDBALL","0","0 / 1","-34.31","1 / 1","","","2021-06-08 04:45:04","","0","",
"","M710Q-M-PG","ODDBALL","0","0 / 0","0","0 / 0","","","2021-11-16 04:45:04","","0","",
"","M715Q-M-AMDQC","ODDBALL","0","0 / 0","0","0 / 0","0000-00-00 00:00:00","","2022-03-27 10:42:09","Jason Blair","176","",
"","M715Q-M-R5","ODDBALL","0","0 / 30","163.95","30 / 30","","","2022-03-16 04:45:05","","0","",
"","M71E-D-I3DC","ODDBALL","0","0 / 0","0","0 / 0","0000-00-00 00:00:00","","2021-06-21 13:36:24","","0","",
"","M71E-D-PG","ODDBALL","0","0 / 0","0","0 / 0","0000-00-00 00:00:00","","2021-06-21 13:36:24","","0","",
"","M720Q-M-I5DC","ODDBALL","0","0 / 0","0","0 / 0","","","","","0","",
"","M720Q-M-I5HC","ODDBALL","116.31","14 / 18","119.8","18 / 18","0000-00-00 00:00:00","","2022-08-24 14:43:10","Jason Blair","160","",
"","M720Q-M-I5QC","ODDBALL","0","0 / 0","0","0 / 0","0000-00-00 00:00:00","","2022-08-24 14:43:10","Jason Blair","160","",
"","M720Q-M-I5SC","ODDBALL","0","0 / 0","0","0 / 0","0000-00-00 00:00:00","","2022-02-18 10:24:43","Jason Blair","192","",
"","M720Q-M-I76C","ODDBALL","0","0 / 0","0","0 / 0","","","2022-02-26 04:45:05","","0","",
"","M72E-M-DC","ODDBALL","0","0 / 13","-4.21","13 / 13","","","2021-11-17 04:45:04","","0","",
"","M72E-M-I3DC","ODDBALL","0","0 / 0","0","0 / 0","","","","","0","",
"","M72E-M-I3QC","ODDBALL","0","0 / 0","0","0 / 0","","","","","0","",
"","M72E-M-I5DC","ODDBALL","0","0 / 1","64.94","1 / 1","","","2020-12-07 14:53:11","","0","",
"","M72E-M-I5QC","ODDBALL","0","0 / 0","0","0 / 0","","","","","0","",
"","M73-M-CEL","ODDBALL","0","0 / 0","0","0 / 0","0000-00-00 00:00:00","","2022-08-02 11:27:28","Jason Blair","20","",
"","M73-M-I3DC","ODDBALL","0","0 / 1","0","0 / 1","0000-00-00 00:00:00","","2022-08-02 11:27:28","Jason Blair","20","",
"","M73-M-I5DC","CORE","0","0 / 5","28.82","5 / 5","0000-00-00 00:00:00","","2022-08-02 11:27:28","Jason Blair","25","",
"","M73-M-I5QC","CORE","0","0 / 0","0","0 / 0","0000-00-00 00:00:00","","2022-08-02 11:27:28","Jason Blair","25","",
"","M73-M-I7QC","ODDBALL","14","1 / 8","53.8","8 / 8","","","2021-11-18 04:45:04","","0","",
"","M73P-M-I5DC","CORE","0","0 / 0","0","0 / 0","0000-00-00 00:00:00","","2022-08-02 11:27:28","Jason Blair","25","",
"","M73P-M-I5QC","CORE","4.33","12 / 53","14.82","53 / 53","0000-00-00 00:00:00","","2022-08-02 11:27:28","Jason Blair","25","",
"","M78-D-AMDDC","ODDBALL","0","0 / 0","0","0 / 0","0000-00-00 00:00:00","","2021-06-21 13:36:24","","0","",
"","M81-D-I3DC","ODDBALL","0","0 / 0","0","0 / 0","0000-00-00 00:00:00","","2021-06-21 13:36:24","","0","",
"","M81P-D-I3DC","ODDBALL","0","0 / 1","0","0 / 1","","","2022-07-27 10:33:48","","0","",
"","M83-D-PG","ODDBALL","0","0 / 0","0","0 / 0","0000-00-00 00:00:00","","2021-06-21 13:36:24","","0","",
"","M83-M-CEL","ODDBALL","0","0 / 0","0","0 / 0","","","2021-01-15 12:44:13","","0","",
"","M83-M-I3DC","ODDBALL","0","0 / 0","0","0 / 0","","","2020-12-07 14:53:11","","0","",
"","M83-M-I5DC","ODDBALL","0","0 / 1","19.39","1 / 1","","","2022-07-27 10:33:48","","0","",
"","M83-M-I7QC","ODDBALL","0","0 / 1","66.84","1 / 1","","","2021-06-11 04:45:05","","0","",
"","M90-U-I5DC","ODDBALL","0","0 / 4","44.73","4 / 4","","","2020-12-09 17:28:07","Kurt Reynolds","45","",
"","M90-U-I5QC","ODDBALL","0","0 / 0","0","0 / 0","","","0000-00-00 00:00:00","","44.73","",
"","M900-D-I5QC","ODDBALL","0","0 / 0","0","0 / 0","0000-00-00 00:00:00","","2022-09-29 10:36:53","Jason Blair","46","",
"","M900-M-I5DC","CORE","0","0 / 0","0","0 / 0","0000-00-00 00:00:00","","2022-09-29 10:36:53","Jason Blair","46","",
"","M900-M-I5QC","CORE","52.23","67 / 68","52.4","68 / 68","0000-00-00 00:00:00","","2022-09-29 10:36:53","Jason Blair","46","",
"","M900-M-I7QC","ODDBALL","0","0 / 2","112.1","2 / 2","0000-00-00 00:00:00","","2022-08-24 14:40:01","Jason Blair","88","",
"","M900-U-I5DC","ODDBALL","0","0 / 0","0","0 / 0","","","","","0","",
"","M900-U-I5QC","ODDBALL","0","0 / 0","0","0 / 0","","","","","0","",
"","M90P-U-I5DC","ODDBALL","0","0 / 20","32.49","19 / 20","","","2020-12-09 17:28:07","Kurt Reynolds","35","",
"","M90P-U-I5QC","ODDBALL","0","0 / 0","0","0 / 0","0000-00-00 00:00:00","","2021-10-08 09:27:29","Jason Blair","35","",
"","M910Q-M-I3DC","ODDBALL","0","0 / 1","136.17","1 / 1","","","2022-07-27 10:33:48","","0","",
"","M910Q-M-I5QC","CORE","50.36","120 / 123","51.78","123 / 123","0000-00-00 00:00:00","","2022-09-29 10:36:15","Jason Blair","48","",
"","M910Q-M-I7QC","ODDBALL","0","0 / 1","0","0 / 1","0000-00-00 00:00:00","","2022-08-24 14:39:47","Jason Blair","88","",
"","M910S-D-I5QC","ODDBALL","0","0 / 0","0","0 / 0","","","2020-12-09 17:28:07","Kurt Reynolds","130","",
"","M910X-M-I5QC","ODDBALL","0","0 / 0","0","0 / 0","","","2022-07-27 10:33:48","","0","",
"","M91P-T-I7QC","ODDBALL","0","0 / 0","0","0 / 0","0000-00-00 00:00:00","","2021-06-21 13:36:24","","0","",
"","M91P-U-I3DC","ODDBALL","0","0 / 0","0","0 / 0","","","2021-03-15 18:37:37","Jason Blair","15","",
"","M91P-U-I5DC","ODDBALL","0","0 / 0","0","0 / 0","","","","","0","",
"","M91P-U-I5QC","ODDBALL","0","0 / 0","0","0 / 0","","","2020-12-09 17:28:07","Kurt Reynolds","35","",
"","M920Q-M-I5HC","CORE","182.79","1 / 2","192.72","2 / 2","0000-00-00 00:00:00","","2022-08-24 14:44:34","Jason Blair","180","",
"","M920Q-M-I5SC","CORE","0","0 / 0","0","0 / 0","0000-00-00 00:00:00","","2022-08-24 14:44:34","Jason Blair","180","",
"","M920Q-M-I76C","ODDBALL","0","0 / 1","275.26","1 / 1","0000-00-00 00:00:00","","2022-08-24 14:44:34","Jason Blair","210","",
"","M920Q-M-I7DC","ODDBALL","0","0 / 0","0","0 / 0","","","","","0","",
"","M920Q-M-I7QC","ODDBALL","0","0 / 0","0","0 / 0","0000-00-00 00:00:00","","2022-08-24 14:44:34","Jason Blair","210","",
"","M92P-M-I5DC","CORE","0","0 / 83","33.43","81 / 83","0000-00-00 00:00:00","","2021-07-04 18:20:17","Jason Blair","45","",
"","M92P-M-I5QC","CORE","0","0 / 0","0","0 / 0","0000-00-00 00:00:00","","2021-07-04 18:20:17","Jason Blair","45","",
"","M92P-M-I7QC","ODDBALL","0","0 / 0","0","0 / 0","","","0000-00-00 00:00:00","","0","",
"","M93-M-I5DC","ODDBALL","0","0 / 0","0","0 / 0","","","2021-06-12 04:45:04","","0","",
"","M93-M-I5QC","ODDBALL","0","0 / 0","0","0 / 0","","","2021-11-17 04:45:04","","0","",
"","M93-M-I7QC","ODDBALL","0","0 / 84","15.5","84 / 84","","","2020-12-07 14:53:11","","0","",
"","M93P-M-I3DC","ODDBALL","0","0 / 0","0","0 / 0","","","2020-12-07 14:53:11","","0","",
"","M93P-M-I3QC","ODDBALL","0","0 / 0","0","0 / 0","","","","","0","",
"","M93P-M-I5DC","CORE","14.84","48 / 51","17.47","51 / 51","0000-00-00 00:00:00","","2022-09-29 10:34:25","Jason Blair","33","",
"","M93P-M-I5QC","CORE","0","0 / 0","0","0 / 0","0000-00-00 00:00:00","","2022-09-29 10:34:25","Jason Blair","33","",
"","M93P-M-I7DC","ODDBALL","0","0 / 0","0","0 / 0","","","","","0","",
"","M93P-M-I7QC","CORE","0","0 / 71","59.36","71 / 71","0000-00-00 00:00:00","","2022-09-29 10:34:25","Jason Blair","63","",
"","M93P-T-I7QC","ODDBALL","0","0 / 0","0","0 / 0","0000-00-00 00:00:00","","2021-06-21 13:36:24","","0","",
"","M93P-U-I7QC","ODDBALL","0","0 / 0","0","0 / 0","","","2021-04-29 04:45:04","","0","",
"","NEOCA5-U-SIS","ODDBALL","0","0 / 0","0","0 / 0","","","2020-12-07 14:53:11","","0","",
"","NEXLINKPRO441067-D-PG","ODDBALL","0","0 / 0","0","0 / 0","0000-00-00 00:00:00","","2021-06-21 13:36:24","","0","",
"","OP390-D-I5QC","ODDBALL","0","0 / 1","0","0 / 1","","","2020-12-08 14:46:12","","33","",
"","OP390-D-PG","ODDBALL","0","0 / 0","0","0 / 0","0000-00-00 00:00:00","","2021-06-21 13:36:24","","0","",
"","P300-D-XEQC","ODDBALL","0","0 / 0","0","0 / 0","","","2020-12-09 17:28:07","Kurt Reynolds","40","",
"","PRO473681-M-I3DC","ODDBALL","0","0 / 0","0","0 / 0","","","2020-12-07 14:53:11","","0","",
"","PRO473681-M-I3QC","ODDBALL","0","0 / 0","0","0 / 0","","","","","0","",
"","PRODESK400-T-I5QC","ODDBALL","0","0 / 0","0","0 / 0","0000-00-00 00:00:00","","2021-06-21 13:36:24","","0","",
"","PS90374-U-NA","ODDBALL","0","0 / 0","0","0 / 0","","","2020-12-07 14:53:11","","0","",
"","Q190-M-CEL","ODDBALL","0","0 / 1","32","1 / 1","","","2022-09-16 04:40:05","","0","",
"","RP5800-D-I3DC","ODDBALL","0","0 / 0","0","0 / 0","0000-00-00 00:00:00","","2021-06-21 13:36:24","","0","",
"","RP5800-D-I5QC","ODDBALL","0","0 / 0","0","0 / 0","0000-00-00 00:00:00","","2021-06-21 13:36:24","","0","",
"","S20-T-XEON","ODDBALL","0","0 / 0","0","0 / 0","0000-00-00 00:00:00","","2021-06-21 13:36:24","","0","",
"","SLICEG1-M-I5QC","ODDBALL","0","0 / 0","0","0 / 0","0000-00-00 00:00:00","","2021-11-18 10:04:51","Jason Blair","56","",
"","T1700-D-I5QC","ODDBALL","0","0 / 0","0","0 / 0","0000-00-00 00:00:00","","2021-06-21 13:36:24","","0","",
"","T1700-D-XEQC","ODDBALL","0","0 / 0","0","0 / 0","0000-00-00 00:00:00","","2021-06-21 13:36:24","","0","",
"","T510-U-EDEN","ODDBALL","0","0 / 0","0","0 / 0","","","","","0","",
"","T510-U-EDENDC","ODDBALL","0","0 / 0","0","0 / 0","","","2020-12-09 17:28:07","Kurt Reynolds","50","",
"","T520-M-AMD","ODDBALL","0","0 / 0","0","0 / 0","","","","","0","",
"","T520-M-AMDDC","ODDBALL","0","0 / 0","0","0 / 0","","","2020-12-07 14:53:11","","0","",
"","T530-M-AMDDC","ODDBALL","0","0 / 5","70.5","5 / 5","","","2021-03-12 04:45:03","","0","",
"","T5325-U-ARM88F","ODDBALL","0","0 / 0","0","0 / 0","","","2020-12-07 14:53:11","","0","",
"","T5530-U-EDENSC","ODDBALL","0","0 / 0","0","0 / 0","","","2020-12-07 14:53:11","","0","",
"","T5540-U-VX800","ODDBALL","0","0 / 0","0","0 / 0","","","2020-12-07 14:53:11","","0","",
"","T5550-M-EDEN","ODDBALL","0","0 / 0","0","0 / 0","","","","","0","",
"","T5550-M-EDENDC","ODDBALL","0","0 / 0","0","0 / 0","","","2020-12-07 14:53:11","","0","",
"","T5550-U-NANO","ODDBALL","0","0 / 0","0","0 / 0","","","2020-12-07 14:53:11","","0","",
"","T5630W-U-EDEN","ODDBALL","0","0 / 0","0","0 / 0","","","","","0","",
"","T5630W-U-EDENDC","ODDBALL","0","0 / 0","0","0 / 0","","","2020-12-07 14:53:11","","0","",
"","T5630W-U-V","ODDBALL","0","0 / 0","0","0 / 0","","","2020-12-07 14:53:11","","0","",
"","T5740E-U-IATOM","ODDBALL","0","0 / 0","0","0 / 0","","","2020-12-07 14:53:11","","0","",
"","T610-U-GT56N","ODDBALL","0","0 / 0","0","0 / 0","","","2020-12-09 17:28:07","Kurt Reynolds","50","",
"","T820-U-I5DC","ODDBALL","0","0 / 0","0","0 / 0","","","","","0","",
"","T820-U-I5QC","ODDBALL","0","0 / 0","0","0 / 0","","","2020-12-09 17:28:07","Kurt Reynolds","65","",
"","V30LE-U-EDEN","ODDBALL","0","0 / 0","0","0 / 0","","","2020-12-07 14:53:11","","0","",
"","VN4630-M-I3DC","ODDBALL","0","0 / 0","0","0 / 0","","","","","0","",
"","VN4630-M-I3QC","ODDBALL","0","0 / 0","0","0 / 0","","","","","0","",
"","VOST260-T-I3DC","ODDBALL","0","0 / 0","0","0 / 0","0000-00-00 00:00:00","","2021-06-21 13:36:24","","0","",
"","VOSTRO270-T-I3DC","ODDBALL","0","0 / 0","0","0 / 0","0000-00-00 00:00:00","","2021-06-21 13:36:24","","0","",
"","X150SE-U-NSGX2","ODDBALL","0","0 / 0","0","0 / 0","","","2020-12-07 14:53:11","","0","",
"","XE2-D-I5QC","ODDBALL","0","0 / 0","0","0 / 0","0000-00-00 00:00:00","","2021-06-21 13:36:24","","0","",
"","XE2-T-I3DC","ODDBALL","0","0 / 0","0","0 / 0","0000-00-00 00:00:00","","2021-06-21 13:36:24","","0","",
"","XE2-T-I7QC","ODDBALL","0","0 / 0","0","0 / 0","0000-00-00 00:00:00","","2021-06-21 13:36:24","","0","",
"","XW6200-T-XE","ODDBALL","0","0 / 0","0","0 / 0","0000-00-00 00:00:00","","2021-06-21 13:36:24","","0","",
"","Z210-D-I3DC","ODDBALL","0","0 / 0","0","0 / 0","0000-00-00 00:00:00","","2021-06-21 13:36:24","","0","",
"","Z210-U-I5QC","ODDBALL","0","0 / 0","0","0 / 0","","","2021-01-28 04:45:02","","0","",
"","Z220-D-I7QC","ODDBALL","0","0 / 0","0","0 / 0","0000-00-00 00:00:00","","2021-06-21 13:36:24","","0","",
"","Z230-D-I7QC","ODDBALL","0","0 / 0","0","0 / 0","0000-00-00 00:00:00","","2021-06-21 13:36:24","","0","",
"","Z240-D-I5QC","ODDBALL","0","0 / 0","0","0 / 0","","","2020-12-09 17:28:07","Kurt Reynolds","55","",
"","Z400-T-XEQC","ODDBALL","0","0 / 0","0","0 / 0","0000-00-00 00:00:00","","2021-06-21 13:36:24","","0","",
